id,second_name,first_name,last_name,id_gender,Phone,data_start,Email,Password,data_reg
1,Васильев,Оскар,Богданович,1,7(585)801-94-29,1971-01-30,miturria@verizon.net,12345,2017-05-28
2,Лазарев,Алексей,Богданович,1,7(0055)737-37-48,1977-03-10,claesjac@me.com,12345,2017-01-02
3,Казаков,Дмитрий,Русланович,1,7(51)682-19-40,1978-12-15,ozawa@verizon.net,12345,2016-05-21
4,Попова,Харита,Якуновна,2,7(335)386-81-06,1997-12-16,firstpr@verizon.net,12345,2016-07-05
5,Турова,Георгина,Семёновна,2,7(555)321-42-99,1974-05-28,yruan@optonline.net,12345,2018-02-22
6,Андреев,Станислав,Максович,1,7(02)993-91-28,1975-10-10,budinger@mac.com,12345,2017-12-26
7,Орлова,Влада,Мартыновна,2,7(2506)433-38-35,1990-06-26,rnelson@yahoo.ca,12345,2016-03-21
8,Костина,Любава,Авксентьевна,2,7(6419)959-21-87,1972-07-13,gordonjcp@hotmail.com,12345,2016-02-26
9,Александров,Станислав,Эдуардович,1,7(18)164-05-12,1981-07-04,bigmauler@aol.com,12345,2018-11-08
10,Корнилова,Анэля,Михайловна,2,7(20)980-01-60,1973-04-02,jonathan@aol.com,12345,2016-05-22
11,Морозов,Наум,Валерьянович,1,7(636)050-96-13,1985-07-04,salesgeek@mac.com,12345,2016-05-02
12,Баранова,Эльмира,Дмитриевна,2,7(9240)643-15-50,1977-01-15,jgmyers@comcast.net,12345,2016-07-08
13,Степанова,Амелия,Робертовна,2,7(1217)441-28-42,1970-06-06,rasca@hotmail.com,12345,2017-09-27
14,Горбачёв,Давид,Тимурович,1,7(53)602-85-41,1983-05-22,hedwig@att.net,12345,2018-12-17
15,Волков,Людвиг,Витальевич,1,7(8459)592-05-58,1977-12-27,jrkorson@msn.com,12345,2016-04-27
16,Комиссарова,Амалия,Робертовна,2,7(22)647-46-32,1971-08-18,jorgb@msn.com,12345,2017-08-04
17,Большаков,Вадим,Данилович,1,7(386)641-13-37,1970-05-15,uncle@gmail.com,12345,2018-08-04
18,Абрамов,Станислав,Филатович,1,7(6545)478-87-79,1989-05-18,solomon@att.net,12345,2016-12-08
19,Журавлёв,Леонтий,Яковлевич,1,7(4403)308-56-96,2000-03-02,cmdrgravy@me.com,12345,2018-01-15
20,Селиверстов,Глеб,Максимович,1,7(20)554-28-68,1999-06-20,jigsaw@sbcglobal.net,12345,2016-01-07
21,Киселёв,Устин,Яковлевич,1,7(83)334-52-76,1985-01-08,dalamb@verizon.net,12345,2018-06-21
22,Зуев,Матвей,Иванович,1,7(5383)893-04-66,1981-03-28,brickbat@verizon.net,12345,2018-12-18
23,Ершов,Глеб,Федорович,1,7(2608)298-40-82,1970-06-14,sjava@aol.com,12345,2016-09-14
24,Бобылёв,Георгий,Витальевич,1,7(88)685-13-51,1983-12-19,csilvers@mac.com,12345,2018-04-06
25,Ефремов,Витольд,Авксентьевич,1,7(93)922-14-03,1975-12-02,kwilliams@yahoo.ca,12345,2018-04-09
26,Андреева,Патрисия,Валерьевна,2,7(9648)953-81-26,1993-11-18,jigsaw@aol.com,12345,2016-07-17
27,Ефимова,Магда,Платоновна,2,7(9261)386-15-92,1995-08-16,rbarreira@me.com,12345,2017-08-01
28,Голубев,Иосиф,Тимофеевич,1,7(78)972-73-11,1982-05-06,smcnabb@att.net,12345,2018-08-18
29,Евсеев,Макар,Васильевич,1,7(2141)077-85-70,1977-09-13,parsimony@sbcglobal.net,12345,2018-12-05
30,Бобров,Агафон,Лаврентьевич,1,7(2159)507-39-57,1995-07-29,petersen@comcast.net,12345,2017-05-09
31,Игнатов,Захар,Павлович,1,7(578)574-73-36,1998-10-07,dieman@icloud.com,12345,2017-11-10
32,Гущина,Янита,Федоровна,2,7(4544)716-68-96,1999-03-02,lishoy@att.net,12345,2018-02-01
33,Калашников,Артур,Юрьевич,1,7(147)947-47-21,1972-12-13,oevans@aol.com,12345,2017-08-20
34,Дмитриева,Элина,Даниловна,2,7(787)140-48-84,1988-12-10,vmalik@live.com,12345,2017-02-11
35,Федотова,Сандра,Владленовна,2,7(126)195-25-86,1985-03-29,penna@verizon.net,12345,2016-11-08
36,Кузьмина,Дэнна,Витальевна,2,7(9940)977-45-73,1993-08-24,nichoj@mac.com,12345,2016-03-27
37,Колобова,Злата,Романовна,2,7(50)884-07-35,1994-08-25,sinkou@aol.com,12345,2016-12-03
38,Некрасов,Варлам,Михайлович,1,7(019)258-06-35,2000-11-12,dogdude@verizon.net,12345,2017-12-03
39,Колобов,Орест,Юлианович,1,7(1680)508-58-26,2001-07-14,parkes@verizon.net,12345,2017-01-01
40,Блохин,Пантелеймон,Феликсович,1,7(9524)556-48-98,1978-03-06,balchen@comcast.net,12345,2018-02-14
41,Калинин,Петр,Иванович,1,7(90)316-07-17,1993-09-08,aschmitz@hotmail.com,12345,2016-05-26
42,Беляева,Сабрина,Федосеевна,2,7(6580)534-32-58,1972-07-26,agapow@gmail.com,12345,2017-06-14
43,Агафонов,Юстиниан,Олегович,1,7(303)810-28-78,1997-02-02,staffelb@sbcglobal.net,12345,2016-06-08
44,Мамонтова,Марфа,Мироновна,2,7(38)095-64-18,1984-10-19,rfoley@verizon.net,12345,2018-02-27
45,Блинов,Евгений,Мэлсович,1,7(0852)321-82-64,1994-01-05,moxfulder@outlook.com,12345,2017-05-07
46,Воронова,Изабелла,Вячеславовна,2,7(17)433-44-98,1999-09-24,kildjean@sbcglobal.net,12345,2017-12-21
47,Медведев,Святослав,Юлианович,1,7(3520)435-21-20,1972-10-04,hllam@comcast.net,12345,2018-10-13
48,Куликова,Эвелина,Вячеславовна,2,7(0236)682-42-78,1997-11-14,ilikered@hotmail.com,12345,2018-02-01
49,Суворова,Божена,Анатольевна,2,7(347)895-86-57,1981-03-09,attwood@aol.com,12345,2016-01-28
50,Егорова,Амалия,Дамировна,2,7(7486)408-12-26,1999-09-28,drezet@yahoo.com,12345,2016-06-30